{"cameraMode":{"drawMode":0,"name":"Shaded","section":"Shading Mode"},"sceneLighting":false,"audioPlay":false,"sceneViewState":{"m_AlwaysRefresh":true,"showFog":true,"showSkybox":false,"showFlares":true,"showImageEffects":true,"showParticleSystems":true,"showVisualEffectGraphs":true,"m_FxEnabled":true},"in2DMode":false,"pivot":{"x":2.3503775596618654,"y":0.5881603956222534,"z":-0.5744242668151856},"rotation":{"x":0.03664688393473625,"y":0.9624871015548706,"z":-0.16800394654273988,"w":0.20998412370681764},"size":3.3574368953704836,"orthographic":false}