{"cameraMode":{"drawMode":0,"name":"Shaded","section":"Shading Mode"},"sceneLighting":false,"audioPlay":false,"sceneViewState":{"m_AlwaysRefresh":true,"showFog":true,"showSkybox":false,"showFlares":true,"showImageEffects":true,"showParticleSystems":true,"showVisualEffectGraphs":true,"m_FxEnabled":true},"in2DMode":false,"pivot":{"x":-0.36347538232803347,"y":1.8354424238204957,"z":-8.953536033630371},"rotation":{"x":0.036480821669101718,"y":0.5529283285140991,"z":-0.024234041571617128,"w":0.832107424736023},"size":1.2240477800369263,"orthographic":false}